[Header],,,,,
IEMFileVersion,4,,,,
Investigator Name,Travis Law,,,,
Experiment Name,ATAC-ChIP1 & ATAC-ChIP2 & ATAC-unbound1 & ATAC & ATAC-unbound2,,,,
Date,03/29/2018,,,,
Workflow,GenerateFASTQ,,,,
Application,FASTQ Only,,,,
Assay,Nextera,,,,
Description,,,,,
Chemistry,Amplicon,,,,
,,,,,
[Reads],,,,,
30,,,,,
30,,,,,
,,,,,
[Settings],,,,,
,,,,,
[Data],,,,,
Sample_ID,Sample_Name,I7_Index_ID,index,I5_Index_ID,index2
filler,filler,N701,AAAAAAAAAAAAAAAAAAAAAAAAAAAAAAAAAAAAAAAAAAAAAAAAAAAAAAAAAAAAAAAAAAAAAAAAAAAAAAAAAAAAAAAAAAAAAAAAAAA,N502,AAAAAAAA
